cell_type_subset,gene,present,status,n_pseudobulk_samples,n_02mo,n_18mo,cells_02mo,cells_18mo,baseMean,log2FoldChange,lfcSE,pvalue,padj
12:early Pr,Lox,True,ok,4,2,2,38,357,7.497926087814621,-0.6694233454593053,0.6972111072424365,0.3369825413157075,
12:early Pr,Loxl1,True,ok,4,2,2,38,357,2.239724312183112,3.193905988434545,2.4455309372948495,0.1915466359917064,
12:early Pr,Loxl2,True,ok,4,2,2,38,357,0.7333541954524813,-2.984860165274444,2.591912629984502,0.24948332732912049,
12:early Pr,Loxl3,True,ok,4,2,2,38,357,0.4166428551017686,0.7904542046541909,5.191657562514889,0.8789860615674893,
12:early Pr,Loxl4,True,not_tested_zero_counts,4,2,2,38,357,,,,,
