cell_type_subset,gene,present,status,n_pseudobulk_samples,n_02mo,n_18mo,cells_02mo,cells_18mo,baseMean,log2FoldChange,lfcSE,pvalue,padj
17:mimetic(tuft),Lox,True,ok,4,2,2,243,162,0.4854548452486758,0.3563110041944593,4.2389086501869855,0.9330109138483994,
17:mimetic(tuft),Loxl1,True,ok,4,2,2,243,162,3.029755962617939,-0.8021344286124709,1.6807793899636094,0.6331915388172122,
17:mimetic(tuft),Loxl2,True,ok,4,2,2,243,162,0.44258993956264303,-2.1158549034865066,4.657220790605357,0.6496006317033554,
17:mimetic(tuft),Loxl3,True,ok,4,2,2,243,162,0.2781773956314919,1.7744668716963232,5.343316423428827,0.739820605555134,
17:mimetic(tuft),Loxl4,True,not_tested_zero_counts,4,2,2,243,162,,,,,
