cell_type_subset,gene,present,status,n_pseudobulk_samples,n_02mo,n_18mo,cells_02mo,cells_18mo,baseMean,log2FoldChange,lfcSE,pvalue,padj
20:mimetic(microfold),Lox,True,not_tested_zero_counts,3,2,1,28,13,,,,,
20:mimetic(microfold),Loxl1,True,ok,3,2,1,28,13,0.49120419981871827,-1.6668495759667439,5.565098059802499,0.7645444924971474,0.9997607667239906
20:mimetic(microfold),Loxl2,True,ok,3,2,1,28,13,1.6666666666666667,-3.384080640364037,5.847381622315079,0.5627684301239275,0.9997607667239906
20:mimetic(microfold),Loxl3,True,ok,3,2,1,28,13,2.5711662041291983,-1.3225253712945173,2.8864419150468827,0.6468192910226239,0.9997607667239906
20:mimetic(microfold),Loxl4,True,ok,3,2,1,28,13,0.24560209990935913,-0.7955103498843934,5.5698656988370185,0.8864292032197996,0.9997607667239906
